{
  "type": "minecraft:chest",
  "pools": [
    {
      "rolls": 1,
      "entries": [
        {
          "type": "minecraft:item",
          "name": "minecraft:tnt",
          "functions": [
            {
              "function": "minecraft:set_count",
              "count": {
                "min": -10,
                "max": 5
              }
            }
          ]
        }
      ]
    },
    {
      "rolls": 1,
      "entries": [
        {
          "type": "minecraft:item",
          "name": "minecraft:stone_pickaxe",
          "functions": [
			{
				"function": "minecraft:set_components",
				"components": {
					"minecraft:item_name": "{\"text\":\"Hammer\"}",
					"minecraft:custom_model_data": 2702,
					"minecraft:custom_data": "{sledgehammer:1}"
				}
			},
			{
				"function": "minecraft:set_enchantments",
				"enchantments": {
					"minecraft:shafting": 1,
					"minecraft:smite": {"min": 0, "max": 5}
				}
			}
          ]
        },
        {
          "type": "minecraft:empty",
          "weight": 6
        }
      ]
    },
    {
      "rolls": 1,
      "entries": [
        {
          "type": "minecraft:item",
          "name": "minecraft:name_tag",
          "functions": [
            {
              "function": "minecraft:set_count",
              "count": {
                "min": -3,
                "max": 4
              }
            }
          ]
        }
      ]
    },
    {
      "rolls": {
        "min": -1,
        "max": 2
      },
      "entries": [
        {
          "type": "minecraft:item",
          "name": "minecraft:melon_seeds",
          "weight": 2
        },
        {
          "type": "minecraft:item",
          "name": "minecraft:pumpkin_seeds",
          "weight": 2
        },
        {
          "type": "minecraft:item",
          "name": "minecraft:beetroot_seeds",
          "weight": 1
        }
      ],
      "functions": [
        {
          "function": "minecraft:set_count",
          "count": {
            "min": -2,
            "max": 4
          }
        }
      ]
    },
    {
      "rolls": {
        "min": 7,
        "max": 15
      },
      "entries": [
        {
          "type": "minecraft:item",
          "name": "minecraft:raw_iron",
          "weight": 10
        },
        {
          "type": "minecraft:item",
          "name": "minecraft:raw_gold",
          "weight": 4
        },
        {
          "type": "minecraft:item",
          "name": "minecraft:diamond",
          "weight": 1
        }
      ],
      "functions": [
        {
          "function": "minecraft:set_count",
          "count": {
            "min": 0,
            "max": 3
          }
        }
      ]
    },
    {
      "rolls": 1,
      "entries": [
        {
          "type": "minecraft:item",
          "name": "minecraft:torch",
          "functions": [
            {
              "function": "minecraft:set_count",
              "count": {
                "min": -32,
                "max": 32
              }
            }
          ]
        }
      ]
    },
    {
      "rolls": 1,
      "entries": [
        {
          "type": "minecraft:item",
          "name": "minecraft:music_disc_mellohi",
          "weight": 1
        },
        {
          "type": "minecraft:item",
          "name": "minecraft:music_disc_ward",
          "weight": 1
        },
        {
          "type": "minecraft:empty",
          "weight": 8
        }
      ]
    }
  ]
}
