{
  "type": "minecraft:archaeology",
  "pools": [
    {
      "bonus_rolls": 0.0,
      "entries": [
        {
          "type": "minecraft:item",
          "name": "minecraft:archer_pottery_sherd"
        },
        {
          "type": "minecraft:item",
          "name": "minecraft:miner_pottery_sherd"
        },
        {
          "type": "minecraft:item",
          "name": "minecraft:prize_pottery_sherd"
        },
        {
          "type": "minecraft:item",
          "name": "minecraft:skull_pottery_sherd"
        },
        {
          "type": "minecraft:item",
          "name": "minecraft:diamond"
        },
        {
          "type": "minecraft:item",
          "name": "minecraft:tnt"
        },
        {
          "type": "minecraft:item",
		  "functions": [
			{
			  "function": "minecraft:set_components",
			  "components": {
				"minecraft:food": {
				  "nutrition": 0,
				  "saturation": 0,
				  "can_always_eat": true,
				  "eat_seconds": 0.8,
				  "effects": [
					{
					  "effect": {
						"id": "minecraft:strength",
						"amplifier": 0,
						"duration": 100
					  }
					}
				  ]
				}
			  }
			}
		  ],
          "name": "minecraft:gunpowder"
        },
        {
          "type": "minecraft:item",
          "name": "minecraft:emerald"
        }
      ],
      "rolls": 1.0
    }
  ],
  "random_sequence": "minecraft:archaeology/desert_pyramid"
}