{
  "criteria": {
    "oyuextractinator": {
      "trigger": "minecraft:player_interacted_with_entity",
      "conditions": {
        "item": {
          "items": [
            "minecraft:shield",
            "minecraft:stone_axe",
            "minecraft:iron_axe",
            "minecraft:golden_axe",
            "minecraft:diamond_ae",
            "minecraft:netherite_axe"
          ]
        },
        "entity": {
          "type": "minecraft:interaction",
		  "components": {
			  "minecraft:custom_data": "{doner:1}"
		  }
        }
      }
    }
  },
	"rewards": {
		"function": "oyu:slice_doner"
	}
}