{
  "criteria": {
    "oyuextractinator": {
      "trigger": "minecraft:player_interacted_with_entity",
      "conditions": {
        "item": {
          "items": [
            "minecraft:sand",
			"minecraft:gravel",
			"minecraft:tuff"
          ]
        },
        "entity": {
          "type": "minecraft:interaction",
		  "components": {
			  "minecraft:custom_data": "{extractinator:1}"
		  }
        }
      }
    }
  },
	"rewards": {
		"function": "oyu:extractinator_use"
	}
}