{
  "criteria": {
    "flint_and_ancient_steel": {
      "trigger": "minecraft:item_used_on_block",
      "conditions": {
        "location": [
          {
            "condition": "minecraft:match_tool",
            "predicate": {
              "items": [
                "minecraft:flint_and_steel"
              ],
			  "components": {
				  "minecraft:custom_data": "{ancient_fas:1}"
			  }
            }
          }
        ]
      }
    }
  },
  "rewards": {
	  "function": "oyu:mynameisthelord"
  }
}