{
  "criteria": {
    "place_nuke": {
      "trigger": "minecraft:item_used_on_block",
      "conditions": {
        "location": [
          {
            "condition": "minecraft:match_tool",
            "predicate": {
              "items": [
                "minecraft:structure_void"
              ],
			  "components": {
				  "minecraft:custom_model_data": 2702
			  }
            }
          }
        ]
      }
    }
  },
  "rewards": {
	  "function": "oyu:place_doner"
  }
}