{
  "type": "minecraft:entity",
  "pools": [
    {
      "bonus_rolls": 0.0,
      "entries": [
        {
          "type": "minecraft:item",
          "name": "minecraft:pig_spawn_egg",
		  "functions": [
		  {"function": "minecraft:set_components",
		  "components": {
			  "minecraft:max_stack_size": 16,
			  "minecraft:entity_data": "{id:\"minecraft:marker\",Tags:[\"oyu_placeballhere\"]}"
			  
		  }}
		  ]
		  
        }
      ],
      "rolls": 1.0
    }
  ],
  "random_sequence": "minecraft:entities/ball"
}