{
  "type": "minecraft:entity",
  "pools": [
    {
      "bonus_rolls": 0.0,
      "entries": [
        {
          "type": "minecraft:item",
          "functions": [
            {
              "add": false,
              "count": {
                "type": "minecraft:uniform",
                "max": 3.0,
                "min": 1.0
              },
              "function": "minecraft:set_count"
            },
            {
              "count": {
                "type": "minecraft:uniform",
                "max": 1.0,
                "min": 0.0
              },
              "enchantment": "minecraft:looting",
              "function": "minecraft:enchanted_count_increase"
            },
			{
			  "function": "minecraft:set_components",
			  "components": {
				"minecraft:food": {
				  "nutrition": 0,
				  "saturation": 0,
				  "can_always_eat": true,
				  "eat_seconds": 0.8,
				  "effects": [
					{
					  "effect": {
						"id": "minecraft:strength",
						"amplifier": 0,
						"duration": 100
					  }
					}
				  ]
				}
			  }
			}
          ],
          "name": "minecraft:gunpowder"
        }
      ],
      "rolls": 1.0
    },
    {
      "bonus_rolls": 0.0,
      "conditions": [
        {
          "condition": "minecraft:entity_properties",
          "entity": "attacker",
          "predicate": {
            "type": "#minecraft:skeletons"
          }
        }
      ],
      "entries": [
        {
          "type": "minecraft:tag",
          "expand": true,
          "name": "minecraft:creeper_drop_music_discs"
        }
      ],
      "rolls": 1.0
    }
  ],
  "random_sequence": "minecraft:entities/creeper"
}