{
  "type": "minecraft:ore",
  "config": {
    "discard_chance_on_air_exposure": 0.0,
    "size": 12,
    "targets": [
      {
        "state": {
          "Name": "minecraft:copper_ore"
        },
        "target": {
          "predicate_type": "minecraft:tag_match",
          "tag": "minecraft:stone_ore_replaceables"
        }
      },
      {
        "state": {
          "Name": "minecraft:deepslate_copper_ore"
        },
        "target": {
          "predicate_type": "minecraft:tag_match",
          "tag": "minecraft:deepslate_ore_replaceables"
        }
      }
    ]
  }
}