{
  "type": "minecraft:block",
  "pools": [
    {
      "bonus_rolls": 0.0,
      "entries": [
        {
          "type": "minecraft:alternatives",
          "children": [
            {
              "type": "minecraft:item",
              "conditions": [
                {
                  "condition": "minecraft:match_tool",
                  "predicate": {
                    "predicates": {
                      "minecraft:enchantments": [
                        {
                          "enchantments": "minecraft:silk_touch",
                          "levels": {
                            "min": 1
                          }
                        }
                      ]
                    }
                  }
                }
              ],
              "name": "minecraft:andesite"
            },
            {
              "type": "minecraft:alternatives",
              "children": [
                {
                  "type": "minecraft:item",
                  "conditions": [
                    {
                      "chances": [
                        0.1,
                        0.14285715,
                        0.25,
                        0.6
                      ],
                      "condition": "minecraft:table_bonus",
                      "enchantment": "minecraft:fortune"
                    }
                  ],
				  "functions": [
					{
					  "function": "minecraft:set_components",
					  "components": {
						"minecraft:food": {
						  "nutrition": 0,
						  "saturation": 0,
						  "can_always_eat": true,
						  "eat_seconds": 0.8,
						  "effects": [
							{
							  "effect": {
								"id": "minecraft:strength",
								"amplifier": 0,
								"duration": 100
							  }
							}
						  ]
						}
					  }
					}
				  ],
                  "name": "minecraft:gunpowder"
                },
                {
                  "type": "minecraft:item",
                  "name": "minecraft:cobblestone"
                }
              ],
              "conditions": [
                {
                  "condition": "minecraft:survives_explosion"
                }
              ]
            }
          ]
        }
      ],
      "rolls": 1.0
    }
  ],
  "random_sequence": "minecraft:blocks/andesite"
}