{
  "type": "minecraft:block",
  "pools": [
    {
      "rolls": 1,
      "entries": [
        {
          "type": "minecraft:item",
          "name": "minecraft:granite"
        }
      ],
      "conditions": [
        {
          "condition": "minecraft:match_tool",
          "predicate": {
            "components": {
              "minecraft:enchantments": {
                "minecraft:silk_touch": 1
              }
            }
          }
        }
      ]
    },
    {
      "rolls": {
        "min": 1,
        "max": 3
      },
      "bonus_rolls": 0,
      "entries": [
        {
          "type": "minecraft:item",
          "name": "minecraft:sugar",
		  "functions": [{
			  "function": "minecraft:set_components",
			  "components": {
				"minecraft:food": {
				  "nutrition": 0,
				  "saturation": 0,
				  "can_always_eat": true,
				  "eat_seconds": 0.8,
				  "effects": [
					{
					  "effect": {
						"id": "minecraft:speed",
						"amplifier": 0,
						"duration": 100
					  }
					}
				  ]
				}
			  }
			}]
        }
      ],
      "conditions": [
        {
          "condition": "minecraft:inverted",
          "term": {
            "condition": "minecraft:match_tool",
            "predicate": {
              "components": {
                "minecraft:enchantments": {
                  "minecraft:silk_touch": 1
                }
              }
            }
          }
        }
      ]
    }
  ],
  "random_sequence": "minecraft:blocks/calcite"
}
