{
  "type": "minecraft:block",
  "pools": [
    {
      "bonus_rolls": 0.0,
      "entries": [
        {
          "type": "minecraft:item",
          "conditions": [
            {
              "condition": "minecraft:survives_explosion"
            },
            {
              "condition": "minecraft:entity_properties",
              "entity": "this",
              "predicate": {}
            }
          ],
          "name": "minecraft:chorus_flower"
        }
      ],
      "rolls": 1.0
    }
  ],
  "random_sequence": "minecraft:blocks/chorus_flower",
  "functions": [
    {
      "function": "minecraft:furnace_smelt",
      "conditions": [
        {
          "condition": "minecraft:match_tool",
          "predicate": {
            "components": {
              "minecraft:custom_data": "{molten_tool:1}"
            }
          }
        }
      ]
    }
  ]
}