{
  "type": "minecraft:block",
  "pools": [
    {
      "bonus_rolls": 0.0,
      "entries": [
        {
          "type": "minecraft:alternatives",
          "children": [
            {
              "type": "minecraft:item",
              "conditions": [
                {
                  "condition": "minecraft:match_tool",
                  "predicate": {
                    "predicates": {
                      "minecraft:enchantments": [
                        {
                          "enchantments": "minecraft:silk_touch",
                          "levels": {
                            "min": 1
                          }
                        }
                      ]
                    }
                  }
                }
              ],
              "name": "minecraft:glowstone"
            },
            {
              "type": "minecraft:item",
              "functions": [
                {
                  "add": false,
                  "count": {
                    "type": "minecraft:uniform",
                    "max": 4.0,
                    "min": 2.0
                  },
                  "function": "minecraft:set_count"
                },
                {
                  "enchantment": "minecraft:fortune",
                  "formula": "minecraft:uniform_bonus_count",
                  "function": "minecraft:apply_bonus",
                  "parameters": {
                    "bonusMultiplier": 1
                  }
                },
                {
                  "function": "minecraft:limit_count",
                  "limit": {
                    "max": 4.0,
                    "min": 1.0
                  }
                },
                {
                  "function": "minecraft:explosion_decay"
                },
				{
				  "function": "minecraft:set_components",
				  "components": {
					"minecraft:food": {
					  "nutrition": 0,
					  "saturation": 0,
					  "can_always_eat": true,
					  "eat_seconds": 0.8,
					  "effects": [
						{
						  "effect": {
							"id": "minecraft:glowing",
							"amplifier": 0,
							"duration": 100
						  }
						}
					  ]
					}
				  }
				}
              ],
              "name": "minecraft:glowstone_dust"
            }
          ]
        }
      ],
      "rolls": 1.0
    }
  ],
  "random_sequence": "minecraft:blocks/glowstone"
}