{
  "type": "minecraft:block",
  "pools": [
    {
      "bonus_rolls": 0.0,
      "conditions": [
        {
          "condition": "minecraft:survives_explosion"
        }
      ],
      "entries": [
        {
          "type": "minecraft:item",
          "name": "minecraft:pink_terracotta"
        }
      ],
      "rolls": 1.0
    }
  ],
  "random_sequence": "minecraft:blocks/pink_terracotta",
  "functions": [
    {
      "function": "minecraft:furnace_smelt",
      "conditions": [
        {
          "condition": "minecraft:match_tool",
          "predicate": {
            "components": {
              "minecraft:custom_data": "{molten_tool:1}"
            }
          }
        }
      ]
    }
  ]
}