{
  "type": "minecraft:block",
  "pools": [
    {
      "bonus_rolls": 0.0,
      "entries": [
        {
          "type": "minecraft:item",
          "functions": [
            {
              "add": false,
              "conditions": [
                {
                  "block": "minecraft:sea_pickle",
                  "condition": "minecraft:block_state_property",
                  "properties": {
                    "pickles": "2"
                  }
                }
              ],
              "count": 2.0,
              "function": "minecraft:set_count"
            },
            {
              "add": false,
              "conditions": [
                {
                  "block": "minecraft:sea_pickle",
                  "condition": "minecraft:block_state_property",
                  "properties": {
                    "pickles": "3"
                  }
                }
              ],
              "count": 3.0,
              "function": "minecraft:set_count"
            },
            {
              "add": false,
              "conditions": [
                {
                  "block": "minecraft:sea_pickle",
                  "condition": "minecraft:block_state_property",
                  "properties": {
                    "pickles": "4"
                  }
                }
              ],
              "count": 4.0,
              "function": "minecraft:set_count"
            },
            {
              "function": "minecraft:explosion_decay"
            }
          ],
          "name": "minecraft:sea_pickle"
        }
      ],
      "rolls": 1.0
    }
  ],
  "random_sequence": "minecraft:blocks/sea_pickle",
  "functions": [
    {
      "function": "minecraft:furnace_smelt",
      "conditions": [
        {
          "condition": "minecraft:match_tool",
          "predicate": {
            "components": {
              "minecraft:custom_data": "{molten_tool:1}"
            }
          }
        }
      ]
    }
  ]
}