{
  "type": "minecraft:block",
  "pools": [
    {
      "rolls": 1,
      "bonus_rolls": 0,
      "entries": [
        {
          "type": "minecraft:item",
          "name": "minecraft:sponge"
        }
      ],
      "conditions": [
        {
          "condition": "minecraft:match_tool",
          "predicate": {
            "components": {
              "minecraft:enchantments": {
                "minecraft:silk_touch": 1
              }
            }
          }
        }
      ]
    },
    {
      "rolls": 4,
      "bonus_rolls": 0,
      "entries": [
        {
          "type": "minecraft:item",
          "name": "minecraft:repeating_command_block",
          "conditions": [
            {
              "condition": "minecraft:inverted",
              "term": {
                "condition": "minecraft:match_tool",
                "predicate": {
                  "components": {
                    "minecraft:enchantments": {
                      "minecraft:silk_touch": 1
                    }
                  }
                }
              }
            }
          ],
		  "functions": [
			  {
				  "function": "minecraft:set_components",
					"components": {
						"minecraft:food": {"nutrition": 3, "saturation": 0.5},
						"minecraft:rarity": "common"
					}
			  }
		  ]
        }
      ]
    }
  ],
  "functions": [
    {
      "function": "minecraft:furnace_smelt",
      "conditions": [
        {
          "condition": "minecraft:match_tool",
          "predicate": {
            "components": {
              "minecraft:custom_data": "{molten_tool:1}"
            }
          }
        }
      ]
    }
  ]
}
