{
  "type": "minecraft:crafting_shaped",
  "category": "misc",
  "group": "balls",
  "key": {
    "S": {
      "item": "minecraft:slime_ball"
    },
    "D": {
      "item": "minecraft:red_dye"
    }
  },
  "pattern": [
    " D ",
    "DSD",
    " D "
  ],
  "result": {
    "count": 1,
    "id": "minecraft:pig_spawn_egg",
  "components": {
	  "minecraft:max_stack_size": 1,
	  "minecraft:item_name": "{\"text\":\"Ball\"}",
	  "minecraft:custom_model_data": 2701,
	  "minecraft:entity_data": "{id:\"minecraft:marker\",Tags:[\"oyu_placeballhere\"]}"
	  
  }
	}
  }
}