{
  "type": "minecraft:crafting_shapeless",
  "category": "equipment",
  "ingredients": [
    {
      "item": "minecraft:wooden_sword"
    },
    {
      "item": "minecraft:stone_sword"
    },
    {
      "item": "minecraft:iron_sword"
    },
    {
      "item": "minecraft:trident"
    },
    {
      "item": "minecraft:popped_chorus_fruit"
    },
    {
      "item": "minecraft:mace"
    },
    {
      "item": "minecraft:golden_sword"
    },
    {
      "item": "minecraft:diamond_sword"
    },
    {
      "item": "minecraft:netherite_sword"
    }
  ],
  "result": {
    "count": 1,
    "id": "minecraft:netherite_sword",
	"components": {
		"minecraft:custom_model_data": 2701,
		"minecraft:rarity": "epic",
		"minecraft:item_name": "{\"text\":\"Penith\"}",
		"minecraft:enchantments": {
			"levels": {
				"minecraft:looting": 5
			}
		}
	}
  }
}