{
  "type": "minecraft:crafting_shaped",
  "category": "misc",
  "key": {
    "J": {
      "item": "minecraft:cocoa_beans"
    },
    "P": {
      "item": "minecraft:paper"
    },
	"B": {
		"item": "minecraft:potion"
	}
  },
  "pattern": [
    "JJJ",
    " P ",
    " B "
  ],
  "result": {
    "count": 1,
    "id": "minecraft:potion",
	"components": {
		"minecraft:item_name": "{\"text\":\"Coffee Bottle\"}",
		"minecraft:rarity": "common",
		"minecraft:potion_contents": {"custom_color": 7422745, "custom_effects":[
			{"id": "minecraft:haste", "amplifier": 0, "duration": 1200}
		]}
	}
  }
}