{
  "type": "minecraft:crafting_shaped",
  "category": "equipment",
  "key": {
    "#": {
      "item": "minecraft:stick"
    },
    "X": {
      "item": "minecraft:diamond"
    }
  },
  "pattern": [
    "X",
    "X",
    "#"
  ],
  "result": {
    "count": 1,
    "id": "minecraft:shield",
	"components": {
		"minecraft:item_name": "'Diamond Sword'",
		"minecraft:custom_model_data": 2705,
		"minecraft:max_damage": 1561,
		"minecraft:attribute_modifiers": [
			{"id":"sword_damage","type":"generic.attack_damage","amount":7,"operation":"add_value","slot":"mainhand"}
		],
		"minecraft:tool": {"damage_per_block":1,"rules":[{"blocks":"#sword_efficient","speed":8.0,"correct_for_drops":true},{"blocks":"#incorrect_for_diamond_tool","speed":0.01,"correct_for_drops":false}]}
	}
  }
}