{
  "type": "minecraft:crafting_shapeless",
  "category": "equipment",
  "ingredients": [
    {
      "item": "minecraft:netherite_ingot"
    },
    {
      "item": "minecraft:flint"
    }
  ],
  "result": {
    "count": 1,
    "id": "minecraft:flint_and_steel",
	"components": {
		"minecraft:custom_model_data": 2701,
		"minecraft:rarity": "epic",
		"minecraft:custom_data": "{ancient_fas:1}",
		"minecraft:item_name": "{\"text\":\"Flint and Steel\"}",
		"minecraft:enchantments": {
			"levels": {
				"minecraft:channeling": 1
			}
		}
	}
  }
}