{
  "type": "minecraft:crafting_shaped",
  "category": "misc",
  "key": {
    "M": {
      "item": "minecraft:cooked_mutton"
    },
	"S": {
		"item": "minecraft:stick"
	},
	"G": {
		"item": "minecraft:gold_nugget"
	}
  },
  "pattern": [
    "GMG",
    "GMG",
	"GSG"
  ],
  "result": {
    "count": 1,
    "id": "minecraft:poisonous_potato",
	"components": {
		"minecraft:custom_model_data": 2711,
		"minecraft:item_name": "{\"text\":\"Holy Shish Kebab\"}",
		"minecraft:rarity": "uncommon",
		"minecraft:food": {"nutrition": 16, "saturation": 20}
	}
  }
}