{
  "type": "minecraft:crafting_shaped",
  "category": "equipment",
  "key": {
    "#": {
      "item": "minecraft:stick"
    },
    "X": {
      "item": "minecraft:gold_ingot"
    }
  },
  "pattern": [
    "X",
    "X",
    "#"
  ],
  "result": {
    "count": 1,
    "id": "minecraft:shield",
	"components": {
		"minecraft:enchantments": {
			"levels": {
				"minecraft:silk_touch": 1
			}
		},
		"minecraft:item_name": "'Golden Sword'",
		"minecraft:custom_model_data": 2704,
		"minecraft:attribute_modifiers": [
			{"id":"sword_damage","type":"generic.attack_damage","amount":4,"operation":"add_value","slot":"mainhand"}
		],
		"minecraft:tool": {"damage_per_block":1,"rules":[{"blocks":"#sword_efficient","speed":12.0,"correct_for_drops":true},{"blocks":"#incorrect_for_gold_tool","speed":0.01,"correct_for_drops":false}]}

	}
  }
}