{
  "type": "minecraft:crafting_shaped",
  "category": "equipment",
  "key": {
    "#": {
      "item": "minecraft:gold_ingot"
    },
	"C": {
		"item": "minecraft:gunpowder"
	}
  },
  "pattern": [
    " # ",
    "#C#",
	" # "
  ],
  "result": {
    "count": 1,
    "id": "minecraft:experience_bottle",
	"components": {
		"minecraft:custom_model_data": 2701,
		"minecraft:item_name": "{\"text\":\"Holy Hand Grenade\"}",
		"minecraft:custom_data": "{hhg:1}",
		"minecraft:max_stack_size": 1
	}
  }
}