{
  "type": "minecraft:crafting_shaped",
  "category": "equipment",
  "key": {
    "#": {
      "item": "minecraft:stick"
    },
    "X": {
      "item": "minecraft:iron_ingot"
    }
  },
  "pattern": [
    "X",
    "X",
    "#"
  ],
  "result": {
    "count": 1,
    "id": "minecraft:shield",
	"components": {
		"minecraft:item_name": "'Iron Sword'",
		"minecraft:custom_model_data": 2703,
		"minecraft:max_damage": 250,
		"minecraft:attribute_modifiers": [
			{"id":"sword_damage","type":"generic.attack_damage","amount":5,"operation":"add_value","slot":"mainhand"}
		],
		"minecraft:tool": {"damage_per_block":1,"rules":[{"blocks":"#sword_efficient","speed":6.0,"correct_for_drops":true},{"blocks":"#incorrect_for_iron_tool","speed":0.01,"correct_for_drops":false}]}
	}
  }
}