{
  "type": "minecraft:crafting_shapeless",
  "category": "misc",
  "ingredients": [
    {
      "item": "minecraft:stick"
    },
    {
      "item": "minecraft:cooked_mutton"
    },
    {
      "item": "minecraft:baked_potato"
    },
    {
      "item": "minecraft:carrot"
    }
  ],
  "result": {
    "count": 1,
    "id": "minecraft:poisonous_potato",
	"components": {
		"minecraft:custom_model_data": 2704,
		"minecraft:item_name": "{\"text\":\"Mutton Skewer\"}",
		"minecraft:food": {"nutrition": 12, "saturation": 1.6}
	}
  }
}