{
  "type": "minecraft:crafting_shapeless",
  "category": "misc",
  "ingredients": [
    {
      "item": "minecraft:iron_sword"
    },
    {
      "item": "minecraft:lava_bucket"
    }
  ],
  "result": {
    "count": 1,
    "id": "minecraft:stone_sword",
	"components": {
		"minecraft:custom_model_data": 2701,
		"minecraft:item_name": "{\"text\":\"Molten Axe\"}",
		"minecraft:custom_data": "{molten_tool:1}",
		"minecraft:tool": {"damage_per_block":1,"rules":[{"blocks":"#mineable/axe","speed":4.0,"correct_for_drops":true},{"blocks":"#incorrect_for_stone_tool","speed":0.01,"correct_for_drops":false}]}
	}
  }
}