{
  "type": "minecraft:crafting_shaped",
  "category": "equipment",
  "key": {
    "P": {
      "item": "minecraft:iron_pickaxe"
    },
    "S": {
      "item": "minecraft:iron_shovel"
    },
    "A": {
      "item": "minecraft:iron_axe"
    },
    "H": {
      "item": "minecraft:iron_hoe"
    },
    "N": {
      "item": "minecraft:netherite_ingot"
    }
  },
  "pattern": [
    " P ",
    "SNA",
	" H "
  ],
  "result": {
    "count": 1,
    "id": "minecraft:iron_pickaxe",
	"components": {
		"minecraft:custom_model_data": 2701,
		"minecraft:item_name": "{\"text\":\"Multitool\"}",
		"minecraft:tool": {
			"damage_per_block": 1,
			"rules": [{
				"speed": 6,
				"correct_for_drops": true,
				"blocks": "#mineable/multitool"
			}]
		}
	}
  }
}