{
  "type": "minecraft:crafting_shaped",
  "category": "equipment",
  "key": {
    "#": {
      "item": "minecraft:stick"
    },
    "X": {
      "item": "minecraft:netherite_ingot"
    }
  },
  "pattern": [
    "X",
    "X",
    "#"
  ],
  "result": {
    "count": 1,
    "id": "minecraft:shield",
	"components": {
		"minecraft:item_name": "'Steel Sword'",
		"minecraft:custom_model_data": 2706,
		"minecraft:max_damage": 2031,
		"minecraft:attribute_modifiers": [
			{"id":"sword_damage","type":"generic.attack_damage","amount":8,"operation":"add_value","slot":"mainhand"}
		],
		"minecraft:tool": {"damage_per_block":1,"rules":[{"blocks":"#sword_efficient","speed":12.0,"correct_for_drops":true}]}
	
	}
  }
}