{
  "type": "minecraft:crafting_shapeless",
  "category": "misc",
  "group": "netherite_ingot",
  "ingredients": [
    {
      "item": "minecraft:netherite_scrap"
    },
    {
      "item": "minecraft:netherite_scrap"
    },
    {
      "item": "minecraft:netherite_scrap"
    },
    {
      "item": "minecraft:diamond"
    },
    {
      "item": "minecraft:diamond"
    },
    {
      "item": "minecraft:diamond"
    },
    {
      "item": "minecraft:netherite_scrap"
    },
    {
      "item": "minecraft:netherite_scrap"
    },
    {
      "item": "minecraft:netherite_scrap"
    }
  ],
  "result": {
    "count": 1,
    "id": "minecraft:netherite_ingot"
  }
}