{
  "type": "minecraft:smelting",
  "category": "misc",
  "cookingtime": 1000,
  "experience": 1.0,
  "ingredient": {
    "item": "minecraft:dragon_egg"
  },
  "result": {
    "id": "minecraft:poisonous_potato",
	"components": {
		"minecraft:rarity": "epic",
		"minecraft:item_name": "{\"text\":\"Fried Dragon Egg\"}",
		"minecraft:lore": [
			"{\"color\":\"dark_red\",\"text\":\"Eat to summon the Endless Moon\"}"
		],
		"minecraft:custom_model_data": 2709,
		"minecraft:food": {
			"nutrition": 20,
			"saturation": 20,
			"can_always_eat": true,
			"eat_seconds": 3.2
		}
	}
  }
}