{
  "type": "minecraft:crafting_shaped",
  "category": "misc",
  "key": {
    "C": {"item": "minecraft:repeating_command_block"},
    "B": {"item": "minecraft:beetroot"},
	"W": {"item": "minecraft:wheat"}
  },
  "pattern": [
    "CCC",
    "BBB",
    "WWW"
  ],
  "result": {
    "count": 1,
    "id": "minecraft:poisonous_potato",
	"components": {
		"minecraft:custom_model_data": 2702,
		"minecraft:item_name": "{\"text\":\"Pizza\"}",
		"minecraft:food": {"nutrition": 16, "saturation": 1.6},
		"minecraft:jukebox_playable": {
			"song": "oyu:pizza",
			"show_in_tooltip": false
		}
	}
  }
}