{
  "type": "minecraft:crafting_shaped",
  "category": "misc",
  "key": {
    "F": {
      "item": "minecraft:melon_slice"
    },
    "W": {
      "item": "minecraft:ice"
    },
	"N": {
		"item": "minecraft:stick"
	}
  },
  "pattern": [
    "F",
    "W",
    "N"
  ],
  "result": {
    "count": 1,
    "id": "minecraft:poisonous_potato",
	"components": {
		"minecraft:custom_model_data": 2708,
		"minecraft:item_name": "{\"text\":\"Melon Popsicle\"}",
		"minecraft:food": {"nutrition": 5, "saturation": 1.0}
	}
  }
}