{
  "type": "minecraft:crafting_shapeless",
  "category": "misc",
  "ingredients": [
    {
      "item": "minecraft:snowball"
    },
    {
      "item": "minecraft:snowball"
    },
    {
      "item": "minecraft:snowball"
    },
    {
      "item": "minecraft:snowball"
    },
    {
      "item": "minecraft:saddle"
    },
    {
      "item": "minecraft:snowball"
    },
    {
      "item": "minecraft:snowball"
    },
    {
      "item": "minecraft:snowball"
    },
    {
      "item": "minecraft:snowball"
    }
  ],
  "result": {
    "count": 8,
    "id": "minecraft:snowball",
	"components": {
		"minecraft:custom_model_data": 2701,
		"minecraft:item_name": "{\"text\":\"Saddled Snowball\"}",
		"minecraft:custom_data": "{saddled_snowball:1}"
	}
  }
}