{
  "type": "minecraft:crafting_shaped",
  "category": "misc",
  "key": {
    "#": {
      "item": "minecraft:porkchop"
    },
    "X": {
      "item": "minecraft:command_block"
    }
  },
  "pattern": [
    " X ",
    "X#X",
    " X "
  ],
  "result": {
    "count": 4,
    "id": "minecraft:poisonous_potato",
	"components": {
		"minecraft:custom_model_data": 2710,
		"minecraft:item_name": "{\"text\":\"Salami\"}",
		"minecraft:food": {"nutrition": 2, "saturation": 3.0, "eat_seconds": 0.8}
	}
  }
}