{
  "type": "minecraft:crafting_shaped",
  "category": "equipment",
  "key": {
    "W": {
      "tag": "minecraft:planks"
    },
    "o": {
      "item": "minecraft:iron_ingot"
    }
  },
  "pattern": [
    "WoW",
    "WWW",
    " W "
  ],
  "result": {
    "count": 1,
    "id": "minecraft:shield",
	"components": {
		"minecraft:max_damage": 400,
		"minecraft:attribute_modifiers": [
			{"type":"generic.movement_speed","slot":"any","id":"oyu:shieldslow","amount":-0.05,"operation":"add_multiplied_base"}
		]
	  }
  }
}