{
  "type": "minecraft:crafting_shaped",
  "category": "misc",
  "key": {
    "#": {
      "item": "minecraft:snowball"
    },
    "C": {
      "item": "minecraft:cocoa_beans"
    }
  },
  "pattern": [
    "C",
    "#",
	"C"
  ],
  "result": {
    "count": 1,
    "id": "minecraft:poisonous_potato",
	"components": {
		"minecraft:custom_model_data": 2712,
		"minecraft:item_name": "{\"text\":\"Snowball Sandwich\"}",
		"minecraft:food": {
			"nutrition": 2,
			"saturation": 0.7
		}
	}
  }
}