{
  "type": "minecraft:crafting_shaped",
  "category": "equipment",
  "key": {
    "#": {
      "item": "minecraft:stick"
    },
    "X": {
      "item": "minecraft:cobblestone"
    }
  },
  "pattern": [
    "XX",
    "X#",
    " #"
  ],
  "result": {
    "count": 1,
    "id": "minecraft:stone_sword",
	"components": {
		"minecraft:tool": {"damage_per_block":1,"rules":[{"blocks":"#mineable/axe","speed":4.0,"correct_for_drops":true},{"blocks":"#incorrect_for_stone_tool","speed":0.01,"correct_for_drops":false}]}
	}
  }
}