{
  "type": "minecraft:crafting_shaped",
  "category": "equipment",
  "key": {
    "#": {
      "item": "minecraft:stick"
    },
    "X": {
      "tag": "minecraft:stone_tool_materials"
    }
  },
  "pattern": [
    "X",
    "X",
    "#"
  ],
  "result": {
    "count": 1,
    "id": "minecraft:shield",
	"components": {
		"minecraft:item_name": "'Stone Sword'",
		"minecraft:custom_model_data": 2702,
		"minecraft:max_damage": 131,
		"minecraft:attribute_modifiers": [
			{"id":"sword_damage","type":"generic.attack_damage","amount":4,"operation":"add_value","slot":"mainhand"}
		],
		"minecraft:tool": {"damage_per_block":1,"rules":[{"blocks":"#sword_efficient","speed":4.0,"correct_for_drops":true},{"blocks":"#incorrect_for_stone_tool","speed":0.01,"correct_for_drops":false}]}
	}
  }
}