{
  "type": "minecraft:crafting_shaped",
  "category": "misc",
  "key": {
    "S": {
      "item": "minecraft:snowball"
    },
    "B": {
      "item": "minecraft:sweet_berries"
    },
	"M": {
		"item": "minecraft:milk_bucket"
	},
	"P": {
		"item": "minecraft:bowl"
	}
  },
  "pattern": [
    "SBS",
    "SMS",
    "SPS"
  ],
  "result": {
    "count": 1,
    "id": "minecraft:poisonous_potato",
	"components": {
		"minecraft:custom_model_data": 2705,
		"minecraft:item_name": "{\"text\":\"Berry Sundae\"}",
		"minecraft:food": {"nutrition": 7, "saturation": 5.0, "using_converts_to": {"id": "minecraft:bowl"}}
	}
  }
}