{
  "type": "minecraft:crafting_shaped",
  "category": "misc",
  "key": {
    "F": {
      "item": "minecraft:tropical_fish"
    },
    "W": {
      "item": "minecraft:wheat"
    },
	"N": {
		"item": "minecraft:dried_kelp"
	}
  },
  "pattern": [
    "F",
    "W",
    "N"
  ],
  "result": {
    "count": 4,
    "id": "minecraft:poisonous_potato",
	"components": {
		"minecraft:custom_model_data": 2706,
		"minecraft:item_name": "{\"text\":\"Tropical Fish Roll\"}",
		"minecraft:food": {"nutrition": 2, "saturation": 1.0, "eat_seconds": 0.8}
	}
  }
}