{
  "type": "minecraft:crafting_shapeless",
  "category": "misc",
  "group": "alchemy_ball",
  "ingredients": [
    {
      "item": "minecraft:chain_command_block"
    },
    {
      "item": "minecraft:apple"
    },
    {
      "item": "minecraft:apple"
    },
    {
      "item": "minecraft:apple"
    },
    {
      "item": "minecraft:apple"
    },
    {
      "item": "minecraft:apple"
    },
    {
      "item": "minecraft:apple"
    },
    {
      "item": "minecraft:apple"
    },
    {
      "item": "minecraft:apple"
    }
  ],
  "result": {
    "count": 8,
    "id": "minecraft:golden_apple"
  }
}