{
  "type": "minecraft:crafting_shaped",
  "category": "equipment",
  "key": {
    "#": {
      "item": "minecraft:stick"
    },
    "X": {
      "tag": "minecraft:planks"
    }
  },
  "pattern": [
    "X",
    "X",
    "#"
  ],
  "result": {
    "count": 1,
    "id": "minecraft:shield",
	"components": {
		"minecraft:item_name": "'Wooden Sword'",
		"minecraft:custom_model_data": 2701,
		"minecraft:max_damage": 59,
		"minecraft:attribute_modifiers": [
			{"id":"sword_damage","type":"generic.attack_damage","amount":3,"operation":"add_value","slot":"mainhand"}
		]
	}
  }
}