{
  "music_disc.pizza": {
    "sounds": [
      {
        "name": "records/music_disc_pizza"
      }
    ]
  },
  "entity.phantom.swoop": {
	  "replace": true,
    "sounds": [
      {"name": "random/ghost_idle","volume": 0.05,"pitch":1.2}
    ]
  },
  "entity.phantom.hurt": {
	  "replace": true,
    "sounds": [
      {"name": "random/ghost_attack","volume": 0.3,"pitch":1.35}
    ]
  },
  "entity.phantom.death": {
	  "replace": true,
    "sounds": [
      {"name": "random/ghost_attack","volume": 0.3,"pitch":1.1}
    ]
  },
  "entity.phantom.ambient": {
	  "replace": true,
    "sounds": [
      {"name": "random/ghost_idle","volume": 0.2,"pitch":1.1}
    ]
  },
  "entity.phantom.flap": {
	  "replace": true,
    "sounds": [
      {
        "name": "entity/player/attack/weak1","volume": 0.07
      }
    ]
  },
  "entity.phantom.bite": {
	  "replace": true,
    "sounds": [
      {
        "name": "entity/player/attack/weak1","volume": 0.07
      }
    ]
  },
  "entity.player.attack.knockback": {
	  "replace": true,
    "sounds": [
      {
        "name": "entity/player/attack/weak1","volume": 0.07
      }
    ]
  },
  "entity.player.attack.crit": {
	  "replace": true,
    "sounds": [
      {"name": "entity/player/attack/knockback1","volume": 0.5},
      {"name": "entity/player/attack/knockback2","volume": 0.5},
      {"name": "entity/player/attack/knockback3","volume": 0.5},
      {"name": "entity/player/attack/knockback4","volume": 0.5}
    ]
  },
  "entity.player.attack.sweep": {
	  "replace": true,
    "sounds": [
      {"name": "entity/player/attack/sweep6","volume": 0.08,"pitch":0.66},
      {"name": "entity/player/attack/sweep7","volume": 0.08,"pitch":0.66}
    ]
  },
  "entity.player.attack.nodamage": {
	  "replace": true,
    "sounds": [
      {
        "name": "entity/player/attack/weak1","volume": 0.07
      }
    ]
  },
  "entity.player.attack.weak": {
	  "replace": true,
    "sounds": [
      {
        "name": "entity/player/attack/weak1","volume": 0.07
      }
    ]
  },
  "entity.player.attack.strong": {
	  "replace": true,
    "sounds": [
      {
        "name": "entity/player/attack/weak1","volume": 0.07
      }
    ]
  },
  "block.sand.step": {
	  "replace": true,
	  "subtitle": "subtitles.block.generic.footsteps",
	"sounds": [
	{"name":"dig/sand1","volume":0.7,"pitch":1.1},
	{"name":"dig/sand2","volume":0.7,"pitch":1.1},
	{"name":"dig/sand3","volume":0.7,"pitch":1.1},
	{"name":"dig/sand4","volume":0.7,"pitch":1.1}
	  ]
  },
  "block.grass.step": {
	  "replace": true,
	  "subtitle": "subtitles.block.generic.footsteps",
	"sounds": [
	{"name":"dig/grass1","volume":0.7,"pitch":1.1},
	{"name":"dig/grass2","volume":0.7,"pitch":1.1},
	{"name":"dig/grass3","volume":0.7,"pitch":1.1},
	{"name":"dig/grass4","volume":0.7,"pitch":1.1}
	  ]
  },
  "block.stone.step": {
	  "replace": true,
	  "subtitle": "subtitles.block.generic.footsteps",
	"sounds": [
	{"name":"dig/stone1","volume":0.8,"pitch":0.9},
	{"name":"dig/stone2","volume":0.8,"pitch":0.9},
	{"name":"dig/stone3","volume":0.8,"pitch":0.9},
	{"name":"dig/stone4","volume":0.8,"pitch":0.9}
	  ]
  }
}