{
  "music_disc.pizza": {
    "sounds": [
      {
        "name": "records/music_disc_pizza"
      }
    ]
  },
  "block.wooden_door.open": {
	  "replace": true,
	 "sounds": [
		{"name":"random/old_door1"},
		{"name":"random/old_door1"},
		{"name":"random/old_door2"}
	 ]
  },
  "block.wooden_door.close": {
	  "replace": true,
	 "sounds": [
		{"name":"random/old_door1"},
		{"name":"random/old_door2"},
		{"name":"random/old_door2"}
	 ]
  },
  "item.shield.block": {
	  "replace": true,
	 "sounds": [
		{"name":"random/sword_clang1"},
		{"name":"random/sword_clang2"},
		{"name":"random/sword_clang3"},
		{"name":"random/sword_clang4"}
	 ]
  },
  "block.netherrack.break": {
	  "replace": true,
	 "sounds": [
		{"name":"block/honeyblock/break1","pitch":0.8},
		{"name":"block/honeyblock/break2","pitch":0.8},
		{"name":"block/honeyblock/break3","pitch":0.8},
		{"name":"block/honeyblock/break4","pitch":0.8},
		{"name":"block/honeyblock/break5","pitch":0.8}
	 ]
  },
  "block.netherrack.fall": {
	  "replace": true,
	 "sounds": [
		{"name":"block/honeyblock/break1","pitch":0.8},
		{"name":"block/honeyblock/break2","pitch":0.8},
		{"name":"block/honeyblock/break3","pitch":0.8},
		{"name":"block/honeyblock/break4","pitch":0.8},
		{"name":"block/honeyblock/break5","pitch":0.8}
	 ]
  },
  "block.netherrack.hit": {
	  "replace": true,
	 "sounds": [
		{"name":"block/honeyblock/break1","pitch":0.8},
		{"name":"block/honeyblock/break2","pitch":0.8},
		{"name":"block/honeyblock/break3","pitch":0.8},
		{"name":"block/honeyblock/break4","pitch":0.8},
		{"name":"block/honeyblock/break5","pitch":0.8}
	 ]
  },
  "block.netherrack.place": {
	  "replace": true,
	 "sounds": [
		{"name":"block/honeyblock/break1","pitch":0.8},
		{"name":"block/honeyblock/break2","pitch":0.8},
		{"name":"block/honeyblock/break3","pitch":0.8},
		{"name":"block/honeyblock/break4","pitch":0.8},
		{"name":"block/honeyblock/break5","pitch":0.8}
	 ]
  },
  "block.netherrack.step": {
	  "replace": true,
	 "sounds": [
		{"name":"block/honeyblock/break1","pitch":0.8},
		{"name":"block/honeyblock/break2","pitch":0.8},
		{"name":"block/honeyblock/break3","pitch":0.8},
		{"name":"block/honeyblock/break4","pitch":0.8},
		{"name":"block/honeyblock/break5","pitch":0.8}
	 ]
  },
  "entity.pillager.ambient": {
	  "replace": true,
    "sounds": [
      {"name": "mob/villager/haggle1","pitch":0.9},
      {"name": "mob/villager/haggle2","pitch":0.9},
      {"name": "mob/villager/haggle3","pitch":0.9}
    ]
  },
  "entity.pillager.celebrate": {
	  "replace": true,
    "sounds": [
      {"name": "mob/villager/yes1","pitch":0.9},
      {"name": "mob/villager/yes2","pitch":0.9},
      {"name": "mob/villager/yes3","pitch":0.9}
    ]
  },
  "entity.pillager.death": {
	  "replace": true,
    "sounds": [
      {"name": "mob/villager/death"}
    ]
  },
  "entity.pillager.hurt": {
	  "replace": true,
    "sounds": [
      {"name": "mob/villager/hit1","pitch":0.9},
      {"name": "mob/villager/hit2","pitch":0.9},
      {"name": "mob/villager/hit3","pitch":0.9},
      {"name": "mob/villager/hit4","pitch":0.9}
    ]
  },
  "entity.vindicator.ambient": {
	  "replace": true,
    "sounds": [
      {"name": "mob/villager/haggle1","pitch":0.8},
      {"name": "mob/villager/haggle2","pitch":0.8},
      {"name": "mob/villager/haggle3","pitch":0.8}
    ]
  },
  "entity.vindicator.celebrate": {
	  "replace": true,
    "sounds": [
      {"name": "mob/villager/yes1","pitch":0.8},
      {"name": "mob/villager/yes2","pitch":0.8},
      {"name": "mob/villager/yes3","pitch":0.8}
    ]
  },
  "entity.vindicator.death": {
	  "replace": true,
    "sounds": [
      {"name": "mob/villager/death"}
    ]
  },
  "entity.vindicator.hurt": {
	  "replace": true,
    "sounds": [
      {"name": "mob/villager/hit1","pitch":0.8},
      {"name": "mob/villager/hit2","pitch":0.8},
      {"name": "mob/villager/hit3","pitch":0.8},
      {"name": "mob/villager/hit4","pitch":0.8}
    ]
  },
  "entity.phantom.swoop": {
	  "replace": true,
    "sounds": [
      {"name": "random/ghost_idle","volume": 0.05,"pitch":1.2}
    ]
  },
  "entity.phantom.hurt": {
	  "replace": true,
    "sounds": [
      {"name": "random/ghost_attack","volume": 0.2,"pitch":1.35}
    ]
  },
  "entity.phantom.death": {
	  "replace": true,
    "sounds": [
      {"name": "random/ghost_attack","volume": 0.2,"pitch":1.1}
    ]
  },
  "entity.phantom.ambient": {
	  "replace": true,
    "sounds": [
      {"name": "random/ghost_idle","volume": 0.1,"pitch":1.1}
    ]
  },
  "entity.phantom.flap": {
	  "replace": true,
    "sounds": [
      {
        "name": "entity/player/attack/weak1","volume": 0.07
      }
    ]
  },
  "entity.phantom.bite": {
	  "replace": true,
    "sounds": [
      {
        "name": "entity/player/attack/weak1","volume": 0.07
      }
    ]
  },
  "entity.player.attack.knockback": {
	  "replace": true,
    "sounds": [
      {
        "name": "entity/player/attack/weak1","volume": 0.07
      }
    ]
  },
  "entity.player.attack.crit": {
	  "replace": true,
    "sounds": [
      {"name": "entity/player/attack/knockback1","volume": 0.5},
      {"name": "entity/player/attack/knockback2","volume": 0.5},
      {"name": "entity/player/attack/knockback3","volume": 0.5},
      {"name": "entity/player/attack/knockback4","volume": 0.5}
    ]
  },
  "entity.player.attack.sweep": {
	  "replace": true,
    "sounds": [
      {"name": "entity/player/attack/sweep6","volume": 0.3,"pitch":0.5},
      {"name": "entity/player/attack/sweep7","volume": 0.3,"pitch":0.5}
    ]
  },
  "entity.player.attack.nodamage": {
	  "replace": true,
    "sounds": [
      {
        "name": "entity/player/attack/weak1","volume": 0.07
      }
    ]
  },
  "entity.player.attack.weak": {
	  "replace": true,
    "sounds": [
      {
        "name": "entity/player/attack/weak1","volume": 0.07
      }
    ]
  },
  "entity.player.attack.strong": {
	  "replace": true,
    "sounds": [
      {
        "name": "entity/player/attack/weak1","volume": 0.07
      }
    ]
  },
  "block.sand.step": {
	  "replace": true,
	  "subtitle": "subtitles.block.generic.footsteps",
	"sounds": [
	{"name":"dig/sand1","volume":0.7,"pitch":1.1},
	{"name":"dig/sand2","volume":0.7,"pitch":1.1},
	{"name":"dig/sand3","volume":0.7,"pitch":1.1},
	{"name":"dig/sand4","volume":0.7,"pitch":1.1}
	  ]
  },
  "block.grass.step": {
	  "replace": true,
	  "subtitle": "subtitles.block.generic.footsteps",
	"sounds": [
	{"name":"dig/grass1","volume":0.7,"pitch":1.1},
	{"name":"dig/grass2","volume":0.7,"pitch":1.1},
	{"name":"dig/grass3","volume":0.7,"pitch":1.1},
	{"name":"dig/grass4","volume":0.7,"pitch":1.1}
	  ]
  },
  "block.stone.step": {
	  "replace": true,
	  "subtitle": "subtitles.block.generic.footsteps",
	"sounds": [
	{"name":"dig/stone1","volume":0.8,"pitch":0.9},
	{"name":"dig/stone2","volume":0.8,"pitch":0.9},
	{"name":"dig/stone3","volume":0.8,"pitch":0.9},
	{"name":"dig/stone4","volume":0.8,"pitch":0.9}
	  ]
  }
}