{
  "music_disc.pizza": {
    "sounds": [
      {
        "name": "records/music_disc_pizza"
      }
    ]
  },
  "block.sand.step": {
	  "replace": true,
	  "subtitle": "subtitles.block.generic.footsteps",
	"sounds": [
	{"name":"dig/sand1"},
	{"name":"dig/sand2"},
	{"name":"dig/sand3"},
	{"name":"dig/sand4"}
	  ]
  },
  "block.grass.step": {
	  "replace": true,
	  "subtitle": "subtitles.block.generic.footsteps",
	"sounds": [
	{"name":"dig/grass1","volume":0.7},
	{"name":"dig/grass2","volume":0.7},
	{"name":"dig/grass3","volume":0.7},
	{"name":"dig/grass4","volume":0.7}
	  ]
  },
  "block.stone.step": {
	  "replace": true,
	  "subtitle": "subtitles.block.generic.footsteps",
	"sounds": [
	{"name":"dig/stone1","volume":0.8,"pitch":0.9},
	{"name":"dig/stone2","volume":0.8,"pitch":0.9},
	{"name":"dig/stone3","volume":0.8,"pitch":0.9},
	{"name":"dig/stone4","volume":0.8,"pitch":0.9}
	  ]
  }
}