{
  "parent": "minecraft:item/generated",
  "textures": {
    "layer0": "minecraft:item/poisonous_potato"
  },
  "overrides": [
	{ "predicate": { "custom_model_data": 2701 }, "model": "minecraft:item/jerky" },
	{ "predicate": { "custom_model_data": 2702 }, "model": "minecraft:item/pizza" },
	{ "predicate": { "custom_model_data": 2703 }, "model": "minecraft:item/glazed_porkchop" },
	{ "predicate": { "custom_model_data": 2704 }, "model": "minecraft:item/kebab" },
	{ "predicate": { "custom_model_data": 2705 }, "model": "minecraft:item/sundae" },
	{ "predicate": { "custom_model_data": 2706 }, "model": "minecraft:item/sushi" },
	{ "predicate": { "custom_model_data": 2707 }, "model": "minecraft:item/canned_food" },
	{ "predicate": { "custom_model_data": 2708 }, "model": "minecraft:item/popsicle" },
	{ "predicate": { "custom_model_data": 2709 }, "model": "minecraft:item/omelette" },
	{ "predicate": { "custom_model_data": 2710 }, "model": "minecraft:item/salami" },
	{ "predicate": { "custom_model_data": 2711 }, "model": "minecraft:item/golden_kebab" },
	{ "predicate": { "custom_model_data": 2712 }, "model": "minecraft:item/snowball_sandwich" }
  ]
}