{
    "parent": "item/handheld",
    "gui_light": "front",
    "textures": {
		"layer0": "minecraft:item/wooden_sword"
    },
    "display": {
        "firstperson_righthand": {
			"translation": [-4,0,-5],
            "rotation": [ 0, 180, 0 ]
        },
        "firstperson_lefthand": {
			"translation": [-4,0,-5],
            "rotation": [ 0, 0, 0 ]
        },
        "thirdperson_righthand": {
			"translation": [-4.5, 2.5, 2],
            "rotation": [ 0, 180, 0 ]
        },
        "thirdperson_lefthand": {
			"translation": [-4,-1,-5],
            "rotation": [ 0, 180, 0 ]
        },
        "fixed": {
            "rotation": [ 0, 180, 0 ]
        }
    }
}
