{
    "parent": "item/handheld",
    "textures": {"layer0": "minecraft:item/wooden_sword"},
    "overrides": [
        {"predicate": {"custom_model_data": 2701}, "model": "item/shield1"},
        {"predicate": {"custom_model_data": 2701, "blocking": 1}, "model": "item/shield1_blocking"},
        {"predicate": {"custom_model_data": 2702}, "model": "item/shield2"},
        {"predicate": {"custom_model_data": 2702, "blocking": 1}, "model": "item/shield2_blocking"},
        {"predicate": {"custom_model_data": 2703}, "model": "item/shield3"},
        {"predicate": {"custom_model_data": 2703, "blocking": 1}, "model": "item/shield3_blocking"},
        {"predicate": {"custom_model_data": 2704}, "model": "item/shield4"},
        {"predicate": {"custom_model_data": 2704, "blocking": 1}, "model": "item/shield4_blocking"},
        {"predicate": {"custom_model_data": 2705}, "model": "item/shield5"},
        {"predicate": {"custom_model_data": 2705, "blocking": 1}, "model": "item/shield5_blocking"},
        {"predicate": {"custom_model_data": 2706}, "model": "item/shield6"},
        {"predicate": {"custom_model_data": 2706, "blocking": 1}, "model": "item/shield6_blocking"},
        {"predicate": {"custom_model_data": 2707}, "model": "item/shield7"},
        {"predicate": {"custom_model_data": 2707, "blocking": 1}, "model": "item/shield7_blocking"},
        {"predicate": {"custom_model_data": 2708}, "model": "item/shield8"},
        {"predicate": {"custom_model_data": 2708, "blocking": 1}, "model": "item/shield8_blocking"}
    ]
}
